"Percent through gene"	"10-ng-UHR_U001_S1_L001"	"10-ng-UHR_U002_S2_L001"	"10-ng-UHR_U003_S3_L001"	"10-ng-UHR_U004_S4_L001"	"10-ng-UHR_U005_S5_L001"	"100-ng-UHR_U011_S11_L001"	"100-ng-UHR_U012_S12_L001"	"100-ng-UHR_U013_S13_L001"	"100-ng-UHR_U014_S14_L001"	"100-ng-UHR_U015_S15_L001"	"100ng_A10_S25_L002"	"100ng_A6_S21_L002"	"100ng_A7_S22_L002"	"100ng_A8_S23_L002"	"100ng_A9_S24_L002"	"100ng_U003_S6_L001"	"100ng_U004_S7_L001"	"100ng_U019_S8_L001"	"100ng_U020_S9_L001"	"100ng_U021_S10_L001"	"200ng_A11_S26_L002"	"200ng_A12_S27_L002"	"200ng_B1_S28_L002"	"200ng_B2_S29_L002"	"200ng_B3_S30_L002"	"200ng_U005_S11_L001"	"200ng_U006_S12_L001"	"200ng_U022_S13_L001"	"200ng_U023_S14_L001"	"200ng_U024_S15_L001"	"50-ng-UHR_U006_S6_L001"	"50-ng-UHR_U007_S7_L001"	"50-ng-UHR_U008_S8_L001"	"50-ng-UHR_U009_S9_L001"	"50-ng-UHR_U010_S10_L001"	"500ng_B4_S31_L002"	"500ng_B5_S32_L002"	"500ng_B6_S33_L002"	"500ng_B7_S34_L002"	"500ng_B8_S35_L002"	"50ng_A1_S16_L002"	"50ng_A2_S17_L002"	"50ng_A3_S18_L002"	"50ng_A4_S19_L002"	"50ng_A5_S20_L002"	"50ng_U001_S1_L001"	"50ng_U002_S2_L001"	"50ng_U016_S3_L001"	"50ng_U017_S4_L001"	"50ng_U018_S5_L001"
0	0.469477	0.467689	0.469069	0.424357	0.415657	0.444401	0.433821	0.424971	0.430686	0.432623	0.302387	0.304025	0.302287	0.292644	0.300261	0.482576	0.473613	0.475905	0.461434	0.452968	0.307558	0.317346	0.306518	0.310119	0.315273	0.455698	0.464944	0.467795	0.456895	0.460879	0.444003	0.420438	0.426127	0.430297	0.469574	0.303862	0.314711	0.316349	0.314738	0.301342	0.308697	0.296057	0.289574	0.295749	0.293403	0.480548	0.470796	0.472881	0.475724	0.447022
1	0.527009	0.528094	0.525888	0.482318	0.470283	0.501689	0.49274	0.481106	0.485519	0.489376	0.355569	0.3554	0.354578	0.345109	0.354016	0.54057	0.530834	0.530944	0.519698	0.510102	0.36396	0.371943	0.359165	0.362932	0.368205	0.5124	0.521481	0.522801	0.511458	0.514245	0.500774	0.47604	0.482652	0.488309	0.525948	0.355817	0.366345	0.368758	0.365987	0.351372	0.365219	0.3469	0.340303	0.345828	0.344553	0.535512	0.526894	0.528645	0.533912	0.499108
2	0.58912	0.596956	0.586267	0.546309	0.53151	0.56883	0.560895	0.548506	0.554374	0.561764	0.434833	0.43497	0.433624	0.42484	0.431457	0.602119	0.591752	0.590001	0.577938	0.567784	0.447181	0.454284	0.438556	0.442249	0.449119	0.570511	0.58097	0.580577	0.56798	0.565681	0.563268	0.543384	0.548478	0.558466	0.58721	0.436184	0.445967	0.448221	0.445973	0.428012	0.449644	0.426283	0.41742	0.424538	0.421772	0.593364	0.584379	0.587147	0.591854	0.551355
3	0.646593	0.653589	0.644514	0.600896	0.588705	0.625721	0.621134	0.606178	0.612125	0.620978	0.519206	0.520318	0.51744	0.509601	0.512992	0.658853	0.647844	0.646642	0.632679	0.619395	0.532721	0.540704	0.522503	0.52502	0.532353	0.627946	0.637502	0.636326	0.624067	0.621987	0.618488	0.600239	0.604903	0.614089	0.643039	0.520289	0.528307	0.53171	0.528379	0.510624	0.540554	0.509511	0.499766	0.508113	0.505494	0.648942	0.639168	0.643024	0.646887	0.596656
4	0.688989	0.694097	0.69034	0.643416	0.633005	0.670445	0.664446	0.647546	0.652866	0.66575	0.591415	0.58982	0.587604	0.580574	0.585269	0.695219	0.684202	0.684275	0.668861	0.655369	0.603956	0.612701	0.593595	0.596445	0.604432	0.665557	0.674103	0.672888	0.660219	0.658962	0.660544	0.640148	0.648127	0.655511	0.685024	0.592663	0.599442	0.60275	0.600737	0.581792	0.616566	0.577854	0.567189	0.576718	0.575736	0.684887	0.674454	0.679035	0.681771	0.631505
5	0.725738	0.731742	0.730258	0.685017	0.679073	0.708108	0.70519	0.686205	0.691885	0.705875	0.656396	0.652674	0.650387	0.646624	0.649064	0.73096	0.719052	0.720208	0.704224	0.691865	0.668471	0.676894	0.65759	0.66113	0.670014	0.700451	0.709425	0.708143	0.694986	0.693765	0.699415	0.677959	0.688049	0.693753	0.724704	0.655271	0.662175	0.66565	0.66464	0.645172	0.687408	0.638729	0.627074	0.637949	0.639806	0.718694	0.709777	0.713919	0.717486	0.665453
6	0.760604	0.768914	0.764245	0.726718	0.717576	0.746366	0.745128	0.725118	0.729527	0.741431	0.712316	0.706716	0.704997	0.704353	0.705111	0.772141	0.760351	0.761999	0.747938	0.734816	0.726694	0.733444	0.713213	0.717876	0.725612	0.741596	0.752327	0.749104	0.737813	0.735653	0.737633	0.717435	0.724075	0.729436	0.761002	0.707474	0.715833	0.7193	0.720091	0.69808	0.748073	0.694006	0.681409	0.695093	0.698427	0.760142	0.752433	0.755265	0.758991	0.701726
7	0.780057	0.791854	0.785755	0.755505	0.744552	0.775038	0.772112	0.753819	0.757762	0.774631	0.755492	0.750135	0.746297	0.746972	0.748403	0.801963	0.788457	0.789126	0.776596	0.759015	0.770818	0.775035	0.753028	0.758204	0.765984	0.772092	0.782142	0.7765	0.765783	0.760813	0.759779	0.741767	0.752293	0.757495	0.783109	0.747437	0.759134	0.761018	0.762878	0.738714	0.79429	0.736216	0.7236	0.738118	0.742442	0.791732	0.780472	0.785694	0.787255	0.73394
8	0.800942	0.820411	0.806146	0.781591	0.77311	0.801908	0.798246	0.780836	0.785573	0.806739	0.802107	0.796635	0.791563	0.793214	0.796033	0.829693	0.813983	0.81651	0.802429	0.785726	0.817283	0.819104	0.797512	0.803758	0.809217	0.799489	0.809353	0.806282	0.795902	0.788187	0.781149	0.763052	0.780384	0.778442	0.806649	0.787297	0.804023	0.805703	0.809254	0.782637	0.845057	0.783327	0.770372	0.785386	0.790505	0.817895	0.802815	0.811358	0.81341	0.758582
9	0.826794	0.844898	0.831032	0.808203	0.80314	0.82511	0.824983	0.811998	0.815277	0.836258	0.840931	0.835208	0.828617	0.833407	0.835	0.850269	0.833879	0.837081	0.821698	0.806327	0.855491	0.857031	0.836395	0.842085	0.847138	0.819875	0.831242	0.828096	0.816605	0.808853	0.806299	0.79051	0.803979	0.804747	0.828775	0.823664	0.841345	0.844686	0.847658	0.822242	0.887722	0.821658	0.808829	0.823674	0.829227	0.836497	0.821443	0.830166	0.831182	0.778055
10	0.851519	0.863018	0.852901	0.8352	0.829808	0.845648	0.848078	0.834888	0.835431	0.855493	0.879002	0.870322	0.862691	0.868964	0.871169	0.867786	0.852007	0.854968	0.841355	0.824374	0.890906	0.89138	0.870899	0.877888	0.882592	0.837751	0.850895	0.846883	0.835068	0.828268	0.829868	0.815542	0.8255	0.828198	0.847734	0.8591	0.874884	0.879005	0.881673	0.856754	0.92949	0.858427	0.844906	0.858294	0.865603	0.853514	0.839298	0.848549	0.848781	0.791303
11	0.86598	0.874436	0.865328	0.85444	0.848265	0.859331	0.866419	0.853089	0.853996	0.877476	0.911625	0.904098	0.897903	0.903237	0.905864	0.879608	0.863418	0.867144	0.854941	0.839147	0.9245	0.922897	0.905039	0.912727	0.91532	0.851733	0.864812	0.860109	0.849523	0.842939	0.847933	0.83762	0.838188	0.848415	0.857102	0.889526	0.906092	0.909635	0.912057	0.888685	0.967124	0.894265	0.879799	0.893649	0.901021	0.866618	0.853345	0.861036	0.860426	0.80511
12	0.882475	0.889351	0.880092	0.874069	0.867214	0.875522	0.883782	0.869403	0.874388	0.891839	0.934622	0.929284	0.924131	0.926172	0.929972	0.895865	0.881533	0.884349	0.870451	0.855137	0.947524	0.946255	0.930651	0.936231	0.940987	0.869723	0.883672	0.878807	0.867105	0.863703	0.867793	0.853748	0.85509	0.864345	0.870039	0.915102	0.931091	0.934649	0.934989	0.91532	0.990143	0.919376	0.9043	0.920731	0.924576	0.881832	0.869961	0.877965	0.877	0.821401
13	0.896596	0.906158	0.892713	0.88929	0.884892	0.891355	0.898522	0.890414	0.894553	0.907757	0.954535	0.952995	0.945827	0.949757	0.951875	0.909281	0.897346	0.900285	0.880379	0.865776	0.969231	0.968668	0.951738	0.957814	0.965068	0.882406	0.896722	0.891793	0.879129	0.878893	0.886192	0.873426	0.875214	0.882055	0.886905	0.937814	0.95245	0.95636	0.957483	0.938965	1.010899	0.942393	0.927939	0.943154	0.947165	0.894399	0.884471	0.895871	0.892693	0.828156
14	0.911365	0.918757	0.907829	0.908728	0.906104	0.906699	0.916509	0.908449	0.910298	0.920021	0.974261	0.973986	0.966089	0.970791	0.973715	0.928465	0.918585	0.920346	0.895252	0.878484	0.990307	0.987891	0.972884	0.977052	0.988558	0.902826	0.91592	0.910166	0.897977	0.898328	0.904489	0.890301	0.891976	0.895715	0.903602	0.961013	0.9725	0.976759	0.976456	0.96123	1.03114	0.963632	0.951212	0.963134	0.968898	0.912309	0.903863	0.913897	0.910981	0.841595
15	0.927144	0.931371	0.922737	0.927672	0.924214	0.924612	0.935921	0.931985	0.930802	0.93703	0.989944	0.990122	0.982248	0.986835	0.989745	0.940555	0.934607	0.935625	0.912365	0.893619	1.006639	1.002989	0.98793	0.991732	1.005079	0.918638	0.931309	0.925501	0.916773	0.91518	0.921818	0.907737	0.912061	0.912183	0.92249	0.97797	0.989105	0.99282	0.991219	0.976826	1.048095	0.981735	0.968724	0.979343	0.986749	0.925474	0.918045	0.926169	0.925367	0.85453
16	0.93634	0.942389	0.934341	0.942125	0.933836	0.937062	0.952206	0.948092	0.947522	0.952704	1.002903	1.00837	0.996501	1.002648	1.005307	0.940445	0.936869	0.939444	0.916679	0.897528	1.021778	1.018318	1.003151	1.006197	1.020623	0.923381	0.935222	0.930228	0.921205	0.918207	0.935077	0.923796	0.925568	0.925101	0.934621	0.994277	1.004801	1.007793	1.005603	0.993221	1.062941	0.996049	0.987953	0.994329	1.004112	0.928511	0.921942	0.929972	0.926926	0.860009
17	0.948031	0.949973	0.9451	0.953922	0.942648	0.947283	0.961751	0.958069	0.956395	0.96154	1.015528	1.020886	1.010001	1.015122	1.019508	0.940548	0.936307	0.940604	0.92021	0.900956	1.033253	1.030377	1.016168	1.019647	1.033327	0.925871	0.93697	0.930667	0.92401	0.919281	0.944243	0.935133	0.934681	0.934986	0.944569	1.009141	1.018932	1.020386	1.019772	1.008422	1.07477	1.008569	1.003948	1.007208	1.016324	0.931078	0.923594	0.931255	0.930302	0.869477
18	0.947312	0.946293	0.941045	0.956927	0.943316	0.946224	0.960053	0.962062	0.963673	0.9687	1.015556	1.021425	1.011648	1.016352	1.020697	0.94394	0.939217	0.943776	0.923754	0.909277	1.033245	1.029286	1.016799	1.020158	1.03274	0.932291	0.942425	0.935219	0.928932	0.926566	0.940333	0.935984	0.93488	0.939859	0.943595	1.014556	1.020181	1.019776	1.020817	1.011925	1.071081	1.008466	1.00684	1.008007	1.016286	0.933929	0.928581	0.935075	0.933932	0.876099
19	0.958154	0.9503	0.94831	0.96053	0.948563	0.953404	0.96269	0.967201	0.974638	0.978567	1.022582	1.028577	1.021648	1.025242	1.028918	0.959492	0.956684	0.95878	0.941629	0.927696	1.039996	1.036442	1.026174	1.030219	1.039996	0.945504	0.958719	0.949492	0.945176	0.945636	0.944368	0.944892	0.944328	0.948313	0.953329	1.024428	1.028254	1.02996	1.029698	1.023001	1.074352	1.016305	1.01734	1.015496	1.023771	0.950764	0.946702	0.952778	0.951094	0.893736
20	0.972712	0.958225	0.961795	0.970272	0.958714	0.963868	0.974418	0.979359	0.986455	0.982791	1.030138	1.035849	1.029733	1.032129	1.036583	0.966853	0.964219	0.968203	0.950493	0.938886	1.045435	1.043474	1.034877	1.03732	1.048392	0.951877	0.96554	0.958677	0.952394	0.954257	0.958425	0.963253	0.957751	0.960814	0.964945	1.034072	1.035895	1.037746	1.037595	1.033165	1.074698	1.023942	1.02753	1.023443	1.031654	0.959313	0.956344	0.964447	0.961616	0.904929
21	0.985431	0.966803	0.974553	0.984315	0.9725	0.974543	0.984313	0.990336	1.000781	0.989772	1.037121	1.041656	1.036736	1.037272	1.042474	0.979668	0.975784	0.981349	0.962968	0.951858	1.051285	1.04937	1.041188	1.043401	1.05296	0.962767	0.975818	0.971291	0.96488	0.968276	0.970606	0.974551	0.967097	0.969344	0.974388	1.040999	1.041184	1.04412	1.044228	1.039276	1.077739	1.031469	1.035359	1.029965	1.038705	0.971918	0.96893	0.977233	0.973249	0.917824
22	1.002723	0.981002	0.990156	1.001596	0.985268	0.992932	1.004374	1.006693	1.015861	1.001106	1.041376	1.045742	1.041083	1.041195	1.044346	0.997118	0.992123	0.996073	0.975781	0.966207	1.054868	1.049606	1.044336	1.043093	1.0518	0.974176	0.987847	0.982548	0.97731	0.982577	0.987594	0.986951	0.981418	0.981682	0.990411	1.046356	1.042231	1.047282	1.046968	1.043016	1.073012	1.037158	1.040918	1.033649	1.044335	0.989136	0.984303	0.991438	0.990211	0.930486
23	1.027332	1.002668	1.01207	1.023725	1.007546	1.019886	1.030679	1.032672	1.038872	1.024135	1.05688	1.063309	1.058249	1.058687	1.05916	1.019104	1.013249	1.016611	0.994974	0.981329	1.07017	1.063374	1.060901	1.057081	1.065148	0.991847	1.007956	1.002639	0.997628	1.001992	1.014163	1.008257	1.005553	1.006903	1.012324	1.062873	1.058517	1.060897	1.062253	1.060556	1.081738	1.054317	1.058564	1.049683	1.062915	1.009551	1.00271	1.009588	1.01011	0.944119
24	1.041216	1.014971	1.024772	1.033718	1.023769	1.034902	1.044801	1.048582	1.051448	1.036395	1.06185	1.069176	1.065092	1.064046	1.064113	1.041113	1.035696	1.040111	1.016497	0.99985	1.075223	1.070345	1.065689	1.063519	1.069882	1.01099	1.028293	1.022274	1.018088	1.020466	1.028082	1.024594	1.020995	1.024338	1.023469	1.071213	1.064606	1.065426	1.06979	1.065926	1.085488	1.05959	1.064053	1.054137	1.068539	1.030315	1.023479	1.030343	1.033024	0.961081
25	1.049417	1.025661	1.034762	1.041977	1.032943	1.048398	1.054211	1.05847	1.059227	1.048761	1.06195	1.067998	1.064968	1.063925	1.064331	1.047788	1.04226	1.045517	1.023882	1.006979	1.074238	1.06947	1.064779	1.064021	1.069365	1.016338	1.033882	1.02787	1.023624	1.024706	1.036778	1.037927	1.033781	1.036771	1.03374	1.071287	1.064302	1.064818	1.069137	1.066616	1.083617	1.057749	1.062132	1.054128	1.067801	1.037947	1.029618	1.038384	1.04031	0.969451
26	1.062739	1.042614	1.050074	1.055176	1.047578	1.062123	1.067252	1.075379	1.073492	1.065827	1.067008	1.073482	1.070675	1.068959	1.068212	1.055071	1.051469	1.051858	1.033618	1.018752	1.07785	1.073452	1.067588	1.06793	1.071001	1.025237	1.042008	1.038739	1.033164	1.033269	1.052034	1.052845	1.047058	1.048982	1.046744	1.077	1.069364	1.070352	1.074129	1.072235	1.08579	1.062908	1.068394	1.05939	1.073238	1.04671	1.038314	1.044355	1.046632	0.984058
27	1.07455	1.057223	1.067405	1.069123	1.06397	1.072815	1.082178	1.095802	1.095259	1.088351	1.076279	1.082849	1.080214	1.077594	1.077332	1.06026	1.062134	1.057901	1.042095	1.029997	1.084359	1.081652	1.077016	1.077273	1.0808	1.037406	1.051568	1.050284	1.045305	1.048299	1.067531	1.072121	1.06111	1.073077	1.0596	1.087557	1.077791	1.080107	1.084534	1.082958	1.089462	1.070005	1.074922	1.067088	1.079356	1.052694	1.046802	1.051302	1.05116	0.997383
28	1.082471	1.0653	1.076684	1.078907	1.074003	1.081738	1.094115	1.112079	1.111897	1.103272	1.079554	1.086479	1.083294	1.082806	1.083045	1.0767	1.082043	1.073514	1.057739	1.046874	1.086288	1.08511	1.08393	1.084393	1.0864	1.058226	1.070403	1.066608	1.065265	1.069498	1.075889	1.085686	1.07166	1.090306	1.067282	1.091285	1.083114	1.085666	1.090259	1.089306	1.090283	1.074158	1.078876	1.071001	1.079811	1.06634	1.064526	1.07106	1.066423	1.01052
29	1.08668	1.073353	1.084861	1.088034	1.078066	1.084736	1.099067	1.119724	1.1235	1.109033	1.082489	1.090171	1.085969	1.085717	1.085641	1.095808	1.09936	1.092687	1.078753	1.067616	1.089198	1.088675	1.086235	1.086799	1.089274	1.082957	1.091305	1.08942	1.087572	1.09308	1.082752	1.097039	1.076999	1.101767	1.073797	1.093481	1.084939	1.087137	1.093131	1.091283	1.089541	1.075798	1.082203	1.073919	1.082754	1.081954	1.082326	1.089148	1.084269	1.026449
30	1.095465	1.085276	1.089617	1.102502	1.090515	1.093899	1.109749	1.126932	1.132451	1.112837	1.086477	1.09541	1.090589	1.090795	1.091514	1.116187	1.119798	1.114204	1.099333	1.087491	1.093511	1.094095	1.090036	1.093498	1.093293	1.101008	1.110343	1.107224	1.107208	1.114841	1.092908	1.112324	1.08783	1.112358	1.082395	1.098583	1.09007	1.093059	1.099027	1.097478	1.093826	1.08122	1.085186	1.080009	1.086997	1.09807	1.101504	1.109265	1.102461	1.036746
31	1.109434	1.097906	1.099119	1.119314	1.104371	1.104231	1.120579	1.139106	1.147383	1.126595	1.091288	1.1005	1.096102	1.098338	1.096595	1.125488	1.132746	1.12742	1.109661	1.100174	1.097975	1.098811	1.09551	1.100004	1.094782	1.114415	1.123293	1.120213	1.120502	1.125967	1.106044	1.127843	1.101305	1.131718	1.095104	1.102896	1.095039	1.098257	1.100789	1.1026	1.096194	1.08841	1.088771	1.089519	1.090839	1.109959	1.114199	1.121503	1.114563	1.047954
32	1.102815	1.097997	1.094065	1.11047	1.10296	1.095936	1.110889	1.133479	1.145539	1.123498	1.084984	1.093235	1.087694	1.089495	1.089726	1.127963	1.136946	1.130991	1.113834	1.105287	1.090494	1.091685	1.08936	1.094214	1.085224	1.121833	1.128602	1.126296	1.126629	1.129224	1.095606	1.127093	1.095924	1.133994	1.089378	1.095779	1.089215	1.091382	1.090601	1.092352	1.085295	1.084684	1.082549	1.082908	1.081904	1.114363	1.119925	1.126543	1.119903	1.051276
33	1.114697	1.106628	1.10452	1.119081	1.114081	1.104424	1.115988	1.135764	1.14647	1.126318	1.086842	1.094794	1.089989	1.091527	1.091848	1.131586	1.142271	1.140661	1.119389	1.108338	1.09184	1.093901	1.092446	1.094596	1.086908	1.126123	1.134746	1.130186	1.130971	1.131814	1.10388	1.133477	1.107397	1.138985	1.100244	1.098839	1.092232	1.094501	1.094623	1.095189	1.082133	1.088315	1.085338	1.086212	1.081947	1.121764	1.123437	1.132114	1.125916	1.053138
34	1.130968	1.116498	1.117511	1.131877	1.125672	1.116768	1.12877	1.145037	1.160002	1.138184	1.090731	1.100156	1.097248	1.096365	1.094732	1.137423	1.151955	1.149361	1.135008	1.119482	1.0978	1.099556	1.0976	1.097949	1.090494	1.129305	1.1396	1.13233	1.134824	1.133913	1.119843	1.147864	1.121226	1.150716	1.113913	1.10621	1.097789	1.100553	1.100098	1.102517	1.085925	1.097749	1.0951	1.096288	1.0844	1.126678	1.129558	1.140555	1.137472	1.067394
35	1.142966	1.125535	1.125796	1.142187	1.137171	1.125968	1.140838	1.153495	1.165911	1.142269	1.097157	1.106034	1.105756	1.103373	1.10223	1.153997	1.170405	1.167942	1.160441	1.146179	1.105182	1.106723	1.10614	1.103546	1.098533	1.148457	1.1578	1.147187	1.152332	1.151039	1.134627	1.157905	1.133479	1.158174	1.124886	1.116408	1.105698	1.109269	1.106798	1.111638	1.094524	1.107843	1.104748	1.106862	1.091821	1.142595	1.149288	1.159103	1.158443	1.092629
36	1.143894	1.129404	1.126488	1.146408	1.140936	1.128128	1.14102	1.149825	1.164254	1.144182	1.093609	1.102632	1.10219	1.100237	1.100311	1.156101	1.17138	1.170463	1.159918	1.147701	1.102635	1.10123	1.103421	1.100284	1.096467	1.152607	1.160386	1.148102	1.15443	1.156029	1.136287	1.1565	1.138715	1.155456	1.128539	1.112289	1.102184	1.107011	1.102275	1.105715	1.094562	1.106551	1.103264	1.104182	1.090018	1.145248	1.152697	1.159896	1.160911	1.10052
37	1.150231	1.142756	1.13037	1.156445	1.15016	1.138763	1.150517	1.160366	1.172208	1.156149	1.09383	1.10642	1.104193	1.100923	1.104945	1.160493	1.170988	1.169863	1.157467	1.147237	1.106829	1.104644	1.105323	1.101219	1.101241	1.154645	1.163206	1.148926	1.157566	1.157229	1.146619	1.16559	1.15144	1.163885	1.138137	1.116589	1.105823	1.11083	1.106254	1.109513	1.097236	1.107719	1.106371	1.105134	1.092882	1.148796	1.157236	1.165413	1.161321	1.10761
38	1.154499	1.149201	1.135798	1.164022	1.159684	1.142883	1.152262	1.16801	1.177651	1.166084	1.102314	1.113807	1.112067	1.107405	1.111763	1.170984	1.180685	1.17866	1.159934	1.151197	1.115492	1.112139	1.112701	1.108222	1.111339	1.165236	1.173071	1.158673	1.165083	1.167155	1.151543	1.168108	1.156922	1.169269	1.142918	1.122898	1.113259	1.118239	1.113456	1.117879	1.104641	1.116381	1.114626	1.113415	1.100863	1.159135	1.165798	1.174237	1.166409	1.110617
39	1.155947	1.153885	1.141469	1.16636	1.166723	1.149922	1.156343	1.174758	1.181669	1.170628	1.110659	1.117262	1.117854	1.113899	1.117412	1.179515	1.189104	1.185714	1.168802	1.160891	1.120934	1.11741	1.117841	1.113969	1.116068	1.17497	1.180809	1.168005	1.173319	1.176238	1.153352	1.173839	1.164192	1.177068	1.148065	1.126021	1.116064	1.123023	1.117502	1.119447	1.113721	1.126298	1.121461	1.121927	1.107623	1.166232	1.174668	1.179394	1.171279	1.115343
40	1.143387	1.148744	1.136779	1.156867	1.159081	1.143013	1.14903	1.165451	1.172304	1.163551	1.116723	1.119431	1.123343	1.117108	1.12303	1.174971	1.183701	1.178696	1.164652	1.155596	1.120648	1.118697	1.121365	1.1172	1.11725	1.169462	1.172736	1.160098	1.167013	1.167406	1.145765	1.16752	1.157427	1.169833	1.140533	1.126112	1.117156	1.122235	1.118098	1.117025	1.119094	1.13003	1.126697	1.126022	1.113633	1.163717	1.171575	1.176039	1.167938	1.106252
41	1.151152	1.156949	1.144671	1.163455	1.165028	1.15271	1.157292	1.173305	1.179598	1.17092	1.128002	1.128073	1.134861	1.127648	1.132514	1.181191	1.186395	1.181048	1.170953	1.162385	1.1307	1.128927	1.131719	1.127685	1.127157	1.169102	1.172029	1.159133	1.165904	1.166764	1.1537	1.178101	1.168226	1.179097	1.149289	1.136195	1.127693	1.130992	1.127413	1.126935	1.125783	1.136299	1.131295	1.133426	1.123631	1.168398	1.175718	1.180956	1.173732	1.105266
42	1.168074	1.174183	1.154969	1.182462	1.175679	1.168619	1.168204	1.187384	1.192771	1.188209	1.138766	1.138663	1.145359	1.138131	1.143038	1.19568	1.197417	1.193438	1.182916	1.174678	1.141315	1.140735	1.143769	1.138926	1.138005	1.180567	1.183039	1.169326	1.176456	1.179112	1.170105	1.193006	1.184426	1.194672	1.164141	1.149074	1.139837	1.143224	1.139214	1.138735	1.134592	1.144873	1.138874	1.141952	1.134372	1.179714	1.189326	1.191179	1.187127	1.117185
43	1.170681	1.175027	1.158943	1.183004	1.177664	1.167888	1.16626	1.182249	1.187077	1.186655	1.143007	1.14245	1.14715	1.140657	1.14533	1.199485	1.197521	1.196432	1.188856	1.181803	1.144323	1.144188	1.147941	1.143283	1.14203	1.186725	1.188204	1.175573	1.181864	1.180418	1.171378	1.192294	1.185089	1.188965	1.167401	1.155153	1.145059	1.148205	1.141945	1.143469	1.137941	1.147786	1.141983	1.143674	1.137914	1.183278	1.192821	1.19648	1.190739	1.128589
44	1.165537	1.167738	1.154443	1.177818	1.176463	1.16024	1.16097	1.183518	1.187151	1.186867	1.138533	1.138719	1.142567	1.138469	1.141664	1.209629	1.200779	1.203533	1.202645	1.19639	1.141702	1.142084	1.144654	1.143068	1.13927	1.195398	1.19464	1.185079	1.189736	1.186238	1.162575	1.188811	1.180074	1.188	1.157703	1.152195	1.146015	1.14651	1.142164	1.141921	1.134682	1.140079	1.136163	1.137754	1.134657	1.192461	1.198783	1.205565	1.198926	1.1468
45	1.17086	1.170926	1.158727	1.183463	1.182895	1.162766	1.167678	1.195041	1.196803	1.1976	1.141759	1.14337	1.14728	1.142803	1.143036	1.214584	1.205164	1.208744	1.212813	1.208663	1.146085	1.144889	1.148041	1.146812	1.142542	1.203623	1.20387	1.195548	1.198759	1.195659	1.169845	1.197979	1.184115	1.201758	1.157951	1.155583	1.149999	1.149844	1.144903	1.147667	1.138755	1.139929	1.136627	1.138556	1.139421	1.199468	1.204727	1.214089	1.205413	1.166313
46	1.180552	1.181968	1.17588	1.197941	1.193351	1.175224	1.17777	1.203525	1.209156	1.207838	1.145297	1.147337	1.149963	1.147423	1.146984	1.221636	1.212111	1.21595	1.223201	1.223866	1.148962	1.148613	1.151083	1.150201	1.145533	1.211867	1.21375	1.207237	1.207253	1.206187	1.183247	1.210369	1.200961	1.213973	1.170556	1.158321	1.154342	1.154296	1.146938	1.153468	1.141913	1.145122	1.139686	1.14118	1.145114	1.206547	1.215738	1.222552	1.213865	1.18655
47	1.186846	1.185939	1.183587	1.202944	1.198527	1.177226	1.184013	1.211172	1.215006	1.209011	1.149652	1.149905	1.152143	1.151904	1.149545	1.22111	1.212765	1.215525	1.225063	1.232009	1.151308	1.15108	1.152686	1.151099	1.146244	1.212414	1.212614	1.208919	1.208111	1.206234	1.193885	1.21792	1.206562	1.225124	1.175357	1.159912	1.154581	1.156336	1.145871	1.153219	1.143998	1.149296	1.145111	1.146545	1.149389	1.206469	1.215875	1.220505	1.211922	1.193592
48	1.190303	1.189977	1.187334	1.205043	1.205863	1.182497	1.184942	1.212547	1.2132	1.214228	1.14628	1.147002	1.148253	1.149047	1.144473	1.223994	1.216814	1.220178	1.223739	1.231687	1.147979	1.149094	1.150684	1.147967	1.143823	1.216585	1.215869	1.212234	1.212495	1.211186	1.196471	1.215489	1.209314	1.226531	1.179471	1.158383	1.152624	1.153779	1.142951	1.147442	1.13914	1.146092	1.144773	1.142756	1.146858	1.213438	1.223716	1.226892	1.219001	1.189915
49	1.203493	1.202716	1.204404	1.21558	1.220447	1.193734	1.195605	1.226253	1.226401	1.223397	1.153058	1.153943	1.153642	1.154453	1.15053	1.2204	1.213949	1.217098	1.217651	1.22887	1.153232	1.154246	1.156667	1.152432	1.149251	1.21321	1.209827	1.20757	1.208612	1.207404	1.208745	1.226212	1.221694	1.236812	1.195167	1.164664	1.15982	1.159023	1.149174	1.151961	1.141237	1.151978	1.153775	1.147712	1.153971	1.21015	1.22113	1.222041	1.21643	1.182466
50	1.219029	1.216348	1.215482	1.2272	1.237043	1.207121	1.208547	1.238586	1.238211	1.232295	1.155908	1.159657	1.158832	1.160083	1.153518	1.213283	1.209427	1.210307	1.213557	1.224799	1.157683	1.159167	1.159682	1.157051	1.152713	1.204901	1.200925	1.201262	1.201956	1.199374	1.224984	1.237393	1.236368	1.249474	1.210876	1.169653	1.163421	1.162622	1.153847	1.15512	1.144742	1.158513	1.15983	1.152996	1.161417	1.206349	1.211848	1.21387	1.210084	1.175819
51	1.215114	1.219592	1.214715	1.224869	1.231112	1.201726	1.204143	1.233237	1.237188	1.231314	1.156556	1.16047	1.159618	1.160947	1.15389	1.203997	1.203371	1.202039	1.207585	1.221955	1.157783	1.159655	1.15864	1.158109	1.152469	1.19511	1.192767	1.192648	1.195235	1.191655	1.224958	1.23575	1.231317	1.247153	1.208216	1.170593	1.162374	1.161833	1.153981	1.154594	1.143103	1.161729	1.161374	1.155852	1.162571	1.201995	1.20327	1.204591	1.205626	1.175502
52	1.209485	1.217728	1.213084	1.221388	1.232207	1.197406	1.200384	1.223739	1.231757	1.223138	1.164257	1.169139	1.167753	1.166725	1.16067	1.197568	1.198034	1.197406	1.201378	1.211957	1.164685	1.166527	1.166212	1.164641	1.159234	1.19015	1.188904	1.186075	1.189263	1.185949	1.224625	1.230003	1.230297	1.237988	1.209181	1.178797	1.169463	1.167829	1.161271	1.163026	1.14564	1.169813	1.169867	1.164032	1.168299	1.197703	1.197199	1.195893	1.200181	1.176373
53	1.186605	1.197672	1.19388	1.201177	1.213551	1.192145	1.180926	1.208246	1.218332	1.225328	1.157441	1.161469	1.16089	1.158983	1.152965	1.194462	1.193817	1.194139	1.195487	1.201051	1.157161	1.158633	1.159158	1.158192	1.152355	1.185182	1.183818	1.182391	1.1841	1.183494	1.205836	1.213297	1.212823	1.223793	1.191582	1.17181	1.163537	1.158917	1.155879	1.156104	1.133964	1.161147	1.162891	1.158659	1.15946	1.194262	1.196116	1.194904	1.198262	1.173364
54	1.181263	1.189643	1.188928	1.194228	1.203678	1.187037	1.173783	1.202883	1.2145	1.227744	1.153646	1.157593	1.156377	1.154181	1.148853	1.180998	1.181164	1.185048	1.185078	1.192223	1.152411	1.151663	1.156008	1.154977	1.146902	1.174504	1.173914	1.176318	1.176183	1.177303	1.197188	1.207135	1.205728	1.221242	1.185519	1.164454	1.157969	1.153442	1.152918	1.152124	1.128959	1.158355	1.159599	1.154947	1.153019	1.184497	1.186881	1.183471	1.190934	1.170744
55	1.175214	1.18762	1.185495	1.191862	1.20009	1.184838	1.168199	1.196558	1.20543	1.22175	1.158008	1.164647	1.159614	1.157923	1.152947	1.18551	1.185138	1.188993	1.199054	1.204752	1.1576	1.154991	1.158015	1.159678	1.148948	1.182004	1.179518	1.184035	1.183585	1.187273	1.188211	1.197291	1.20263	1.215422	1.17995	1.167396	1.16009	1.157283	1.156789	1.158935	1.134031	1.16329	1.165053	1.160755	1.158968	1.190912	1.190806	1.189434	1.195217	1.188945
56	1.175965	1.185927	1.185295	1.189482	1.197871	1.182709	1.16546	1.186439	1.196276	1.213175	1.161579	1.168517	1.162242	1.161745	1.154622	1.189875	1.18889	1.192878	1.201939	1.206491	1.161725	1.158574	1.160171	1.161059	1.150487	1.188914	1.181697	1.191323	1.188461	1.194486	1.186249	1.192348	1.200264	1.203984	1.18019	1.166975	1.161664	1.160677	1.158709	1.164035	1.138041	1.167168	1.170279	1.165923	1.164512	1.19505	1.195501	1.195619	1.196112	1.192345
57	1.175892	1.184428	1.185331	1.187711	1.192552	1.178682	1.164805	1.180495	1.192988	1.206387	1.163161	1.171194	1.165313	1.16339	1.15642	1.185366	1.189205	1.189178	1.189597	1.196185	1.163167	1.16178	1.161222	1.163421	1.151487	1.183865	1.175512	1.187096	1.184353	1.188856	1.184884	1.189586	1.194057	1.19655	1.184443	1.170121	1.163827	1.163149	1.159831	1.166995	1.141909	1.169002	1.172063	1.168031	1.170461	1.191024	1.196225	1.196563	1.195212	1.18115
58	1.16917	1.186464	1.17643	1.188105	1.192241	1.177393	1.163984	1.18361	1.198161	1.208496	1.171216	1.180106	1.171993	1.172337	1.16634	1.180758	1.187208	1.185884	1.1904	1.199601	1.17136	1.172482	1.169926	1.173915	1.160636	1.184106	1.175859	1.184067	1.182997	1.187281	1.180527	1.189835	1.19064	1.196558	1.182882	1.17657	1.172874	1.172303	1.167688	1.175312	1.154086	1.178005	1.181657	1.177575	1.181619	1.188137	1.195362	1.194402	1.195332	1.188909
59	1.158053	1.184014	1.167679	1.179463	1.186202	1.170363	1.154918	1.175568	1.189862	1.200558	1.162899	1.174649	1.168604	1.166395	1.16361	1.181903	1.187105	1.184653	1.191646	1.204114	1.167989	1.169096	1.164962	1.169615	1.156273	1.186121	1.178614	1.184687	1.183795	1.191768	1.173007	1.1829	1.183183	1.187149	1.175695	1.174913	1.169227	1.167498	1.164411	1.170215	1.153412	1.171233	1.177479	1.173013	1.177807	1.190097	1.194643	1.193432	1.194766	1.194124
60	1.155808	1.184005	1.162992	1.174504	1.183795	1.167032	1.15163	1.17018	1.179408	1.188836	1.161845	1.172423	1.17005	1.165542	1.165406	1.17858	1.182904	1.182877	1.191913	1.206944	1.168556	1.170086	1.164307	1.168684	1.156965	1.187743	1.181186	1.186585	1.186153	1.192534	1.170034	1.17846	1.181118	1.177623	1.171818	1.173824	1.169127	1.166773	1.164469	1.17076	1.155308	1.17152	1.176821	1.173162	1.176934	1.188906	1.193647	1.191787	1.191602	1.197603
61	1.15139	1.178153	1.16199	1.174199	1.186499	1.167716	1.153221	1.172584	1.172253	1.180008	1.160519	1.169269	1.168431	1.164867	1.165151	1.170814	1.175457	1.176315	1.184184	1.200779	1.165499	1.166828	1.161743	1.163969	1.154909	1.181237	1.174688	1.18004	1.181107	1.185514	1.166516	1.180455	1.18047	1.178317	1.168681	1.169821	1.165009	1.163649	1.160396	1.166503	1.152151	1.170157	1.174637	1.170554	1.175205	1.18362	1.187667	1.185824	1.188082	1.197262
62	1.14602	1.168608	1.156269	1.170339	1.17802	1.159687	1.150251	1.169681	1.170358	1.177742	1.158755	1.165835	1.167562	1.161924	1.164321	1.167928	1.172121	1.177919	1.179417	1.194198	1.162956	1.163722	1.160011	1.161675	1.154338	1.179153	1.173643	1.177885	1.180492	1.183999	1.162127	1.178819	1.170491	1.177642	1.161817	1.168166	1.162799	1.162709	1.158319	1.165957	1.150133	1.167681	1.172706	1.169023	1.173693	1.181502	1.185274	1.181755	1.185583	1.195676
63	1.140828	1.159247	1.15081	1.15988	1.164742	1.149125	1.14314	1.157551	1.15575	1.166059	1.147868	1.15291	1.156703	1.149587	1.156383	1.149008	1.154796	1.161561	1.162222	1.176004	1.150404	1.152508	1.149102	1.152025	1.144052	1.160048	1.157071	1.161004	1.163871	1.166452	1.155076	1.170085	1.162756	1.165627	1.15333	1.155318	1.148663	1.149818	1.146982	1.155256	1.139981	1.1549	1.160391	1.159071	1.162289	1.163058	1.16783	1.162979	1.164349	1.187176
64	1.131367	1.15249	1.141818	1.149683	1.154414	1.140643	1.134225	1.149569	1.142722	1.154157	1.140227	1.142058	1.147431	1.141944	1.148276	1.136931	1.142667	1.150752	1.153501	1.16909	1.14062	1.143843	1.140999	1.144247	1.13637	1.152519	1.15044	1.153311	1.15713	1.159588	1.146312	1.162292	1.157956	1.156844	1.14378	1.145468	1.141292	1.141406	1.137972	1.14785	1.131194	1.145037	1.151015	1.149348	1.153189	1.151943	1.158009	1.150016	1.150663	1.187991
65	1.121315	1.140414	1.12949	1.135631	1.139236	1.128642	1.125023	1.13631	1.124929	1.139346	1.134796	1.136297	1.141078	1.136206	1.141772	1.123406	1.126294	1.133236	1.139155	1.154327	1.133554	1.134634	1.136131	1.138325	1.129084	1.139751	1.139426	1.141489	1.147325	1.152001	1.135254	1.145902	1.146849	1.1412	1.132785	1.138127	1.137513	1.134898	1.132049	1.142683	1.123869	1.138698	1.144368	1.142063	1.146663	1.137808	1.144309	1.134786	1.134533	1.182196
66	1.113957	1.134302	1.126767	1.127354	1.13293	1.123898	1.126824	1.131409	1.116331	1.129778	1.132386	1.132823	1.138049	1.133214	1.138808	1.113338	1.1132	1.119685	1.127039	1.139428	1.129808	1.130139	1.133236	1.136057	1.127057	1.127353	1.127954	1.13016	1.136717	1.141063	1.132951	1.140425	1.144304	1.133145	1.128442	1.134651	1.134952	1.130508	1.128905	1.139658	1.121352	1.136283	1.139265	1.137641	1.142872	1.124818	1.132328	1.121682	1.122035	1.169368
67	1.111457	1.124098	1.122879	1.121219	1.127329	1.124975	1.125977	1.12561	1.109441	1.124725	1.131071	1.130139	1.134067	1.129645	1.137173	1.109054	1.109781	1.114336	1.123604	1.133912	1.127035	1.126652	1.131339	1.13382	1.126831	1.125094	1.125228	1.127372	1.133635	1.137018	1.129913	1.133582	1.13999	1.129029	1.125538	1.132036	1.132735	1.126603	1.125849	1.13608	1.115677	1.133672	1.136511	1.133176	1.139359	1.120376	1.129023	1.119404	1.116678	1.16742
68	1.108838	1.114506	1.119946	1.118381	1.117662	1.122955	1.126917	1.122846	1.107756	1.12206	1.130839	1.130884	1.133835	1.129455	1.135072	1.114771	1.11838	1.118973	1.130002	1.139056	1.126926	1.126785	1.133691	1.13381	1.128094	1.138062	1.134434	1.138893	1.145054	1.145168	1.129526	1.129643	1.135479	1.128235	1.123918	1.132686	1.133104	1.127544	1.125858	1.136868	1.11305	1.131825	1.136174	1.134699	1.139716	1.127138	1.135859	1.126612	1.121429	1.167154
69	1.106802	1.108105	1.116232	1.114598	1.113147	1.120543	1.126666	1.113217	1.103376	1.115277	1.127747	1.127446	1.131162	1.129958	1.13037	1.116548	1.125384	1.122231	1.133744	1.145708	1.123883	1.12383	1.131352	1.130214	1.126409	1.146293	1.140697	1.145953	1.152784	1.153292	1.127412	1.123167	1.132255	1.117777	1.122636	1.130647	1.131243	1.124984	1.123578	1.1351	1.111163	1.129705	1.133625	1.133638	1.137983	1.129879	1.137996	1.127252	1.123611	1.166569
70	1.103078	1.101031	1.109332	1.105589	1.109519	1.115643	1.120189	1.109069	1.102812	1.109001	1.123844	1.120285	1.124887	1.12694	1.12315	1.111941	1.122503	1.112879	1.132435	1.147589	1.116432	1.116474	1.123904	1.122905	1.11975	1.14112	1.134482	1.140068	1.151752	1.145503	1.121394	1.117375	1.122276	1.114606	1.113744	1.12391	1.127123	1.11981	1.121371	1.130533	1.104841	1.126481	1.129112	1.128912	1.133231	1.125185	1.135153	1.120511	1.122244	1.163799
71	1.097735	1.098198	1.1095	1.097852	1.109247	1.115215	1.11491	1.102491	1.099321	1.100164	1.120894	1.116613	1.122635	1.121152	1.11935	1.10234	1.112347	1.103009	1.121333	1.138976	1.11287	1.111986	1.11892	1.118234	1.115168	1.129431	1.121797	1.127757	1.139791	1.131193	1.116112	1.108176	1.115086	1.109094	1.109465	1.120043	1.123026	1.116499	1.118602	1.126929	1.09998	1.123625	1.124795	1.123739	1.127523	1.116939	1.121906	1.108519	1.111664	1.156776
72	1.09796	1.096896	1.114017	1.09949	1.118441	1.116027	1.114486	1.100726	1.098231	1.096787	1.11628	1.113439	1.118592	1.1162	1.117368	1.09965	1.108693	1.099552	1.11415	1.136974	1.110919	1.108309	1.116631	1.116261	1.112848	1.12642	1.118506	1.126209	1.135365	1.131104	1.117031	1.107909	1.116278	1.107678	1.10913	1.117881	1.118896	1.112934	1.116353	1.124449	1.097692	1.119214	1.120688	1.119624	1.122309	1.112671	1.115654	1.104048	1.105229	1.160681
73	1.09156	1.089332	1.109831	1.091184	1.114629	1.111788	1.106621	1.096056	1.090986	1.089771	1.113325	1.110714	1.114102	1.113701	1.115762	1.096468	1.104257	1.0965	1.112151	1.13894	1.107584	1.104221	1.113102	1.111639	1.108704	1.125446	1.115912	1.126297	1.134288	1.129415	1.110702	1.100756	1.112507	1.104223	1.103198	1.113034	1.113591	1.107379	1.111213	1.12022	1.092101	1.115922	1.117077	1.117226	1.118604	1.110137	1.109839	1.099423	1.100871	1.164949
74	1.083058	1.085017	1.098615	1.078566	1.104529	1.100254	1.094116	1.092434	1.084536	1.084623	1.108681	1.104584	1.106499	1.109626	1.111659	1.088846	1.093462	1.089257	1.107071	1.138813	1.100559	1.098483	1.107734	1.105642	1.104028	1.117979	1.10684	1.119142	1.12836	1.12154	1.100305	1.088876	1.104098	1.098549	1.091912	1.106112	1.107003	1.101159	1.104734	1.113954	1.087914	1.11083	1.112152	1.113846	1.112228	1.102275	1.103695	1.093005	1.094587	1.167333
75	1.070051	1.070468	1.083733	1.067599	1.090433	1.084869	1.083502	1.081986	1.071045	1.073916	1.107264	1.103588	1.10537	1.108599	1.109281	1.063327	1.066617	1.063812	1.088093	1.121488	1.097301	1.094684	1.105021	1.101904	1.101743	1.09537	1.081605	1.093606	1.107147	1.098201	1.086479	1.0741	1.087761	1.09089	1.078745	1.102428	1.103155	1.099056	1.101746	1.109656	1.085299	1.110041	1.110623	1.113753	1.110247	1.078855	1.07836	1.064802	1.06424	1.158156
76	1.061898	1.061428	1.074001	1.062862	1.080252	1.081601	1.07528	1.072435	1.062134	1.066706	1.101171	1.099463	1.101112	1.103572	1.102006	1.043506	1.047865	1.045066	1.075105	1.105656	1.09106	1.089307	1.100361	1.096762	1.096905	1.082848	1.0661	1.077481	1.09398	1.086038	1.073317	1.0646	1.080228	1.081422	1.074924	1.097492	1.094604	1.093535	1.096252	1.103713	1.0797	1.106064	1.106776	1.110328	1.103679	1.062205	1.062114	1.044763	1.04851	1.145728
77	1.057505	1.057851	1.068937	1.055919	1.078013	1.078014	1.071799	1.065793	1.058212	1.059248	1.095887	1.094058	1.096229	1.098103	1.096927	1.02966	1.03598	1.030966	1.061573	1.088305	1.083947	1.083149	1.094052	1.090552	1.089215	1.070769	1.054272	1.064259	1.079801	1.072769	1.069864	1.058691	1.073473	1.074419	1.070384	1.089298	1.086934	1.085683	1.089387	1.095588	1.075256	1.10091	1.10269	1.105049	1.09861	1.046745	1.047304	1.031364	1.038227	1.139898
78	1.045121	1.046192	1.054085	1.045002	1.067438	1.063973	1.057728	1.048001	1.044651	1.041279	1.098801	1.098556	1.100829	1.100246	1.099773	1.020792	1.02763	1.021606	1.052073	1.074861	1.086734	1.085245	1.098755	1.093459	1.092617	1.063194	1.045612	1.054169	1.070344	1.064422	1.057656	1.044797	1.062212	1.052779	1.056675	1.093065	1.090933	1.089382	1.094501	1.099954	1.07367	1.103463	1.108563	1.108149	1.101556	1.035745	1.037122	1.023046	1.029491	1.141829
79	1.038067	1.043423	1.051921	1.041294	1.06344	1.061334	1.053775	1.040742	1.031267	1.026623	1.098217	1.098302	1.101304	1.10031	1.099976	1.010805	1.018826	1.010155	1.041777	1.058508	1.085327	1.084263	1.099249	1.093919	1.09348	1.048915	1.031469	1.039349	1.05445	1.049822	1.052035	1.040219	1.05878	1.044364	1.051908	1.094722	1.091567	1.091259	1.096685	1.101776	1.069701	1.102865	1.109064	1.109109	1.102054	1.025131	1.025974	1.014392	1.01974	1.13061
80	1.026737	1.033955	1.039768	1.029026	1.050276	1.050264	1.040203	1.025194	1.015455	1.011482	1.087757	1.085291	1.088724	1.089483	1.088291	0.990298	0.997919	0.989763	1.023279	1.040983	1.073691	1.071085	1.087084	1.082099	1.082272	1.031407	1.012686	1.021722	1.034763	1.029023	1.035997	1.025997	1.047884	1.029791	1.040449	1.082108	1.079726	1.079915	1.085839	1.089943	1.059591	1.092353	1.099407	1.099643	1.09074	1.005751	1.007512	0.994445	0.999627	1.121209
81	1.017362	1.019749	1.026653	1.017416	1.031935	1.033822	1.023025	1.006515	0.999327	0.993209	1.076688	1.072939	1.075586	1.078943	1.076586	0.976748	0.983636	0.976949	1.007336	1.023566	1.060259	1.057884	1.074278	1.069884	1.072167	1.018191	0.998126	1.009282	1.018721	1.017513	1.018554	1.009441	1.030988	1.009849	1.026584	1.06878	1.068423	1.069744	1.075831	1.079015	1.049103	1.083195	1.08918	1.088394	1.079728	0.991462	0.99182	0.97943	0.986077	1.107982
82	1.011225	1.016031	1.01717	1.011885	1.023375	1.026079	1.015032	0.99205	0.98568	0.980092	1.06412	1.05923	1.062096	1.068265	1.063722	0.971082	0.978497	0.974094	1.002572	1.019417	1.046487	1.043842	1.061836	1.057679	1.060612	1.012991	0.99062	1.002338	1.011436	1.012489	1.010098	0.999471	1.025923	0.994238	1.022378	1.055452	1.057929	1.059035	1.065085	1.067697	1.036998	1.071382	1.078136	1.075597	1.067425	0.986858	0.987633	0.977364	0.982132	1.09782
83	1.001446	1.003733	1.004178	1.00056	1.013167	1.012385	1.002171	0.981316	0.970053	0.964282	1.045071	1.038925	1.043347	1.050303	1.044395	0.950477	0.958313	0.954276	0.982722	0.999555	1.026902	1.025026	1.041702	1.03825	1.040707	0.994058	0.970952	0.984375	0.9911	0.991791	0.99902	0.983577	1.013448	0.981751	1.012933	1.035762	1.03832	1.039752	1.04608	1.048615	1.018547	1.051794	1.059268	1.05774	1.047184	0.968941	0.970195	0.961824	0.963839	1.081379
84	0.987162	0.985121	0.988331	0.982646	0.996615	0.993698	0.984219	0.966008	0.947359	0.944124	1.024131	1.017467	1.021493	1.029685	1.022159	0.944807	0.949812	0.947289	0.973723	0.987039	1.003594	1.001601	1.019418	1.016667	1.01767	0.984351	0.962738	0.975668	0.981568	0.981169	0.985162	0.970394	0.992171	0.965249	1.001337	1.012677	1.015281	1.01747	1.023165	1.026171	0.997515	1.031098	1.038072	1.03755	1.026292	0.963161	0.964761	0.957273	0.958599	1.068804
85	0.962594	0.959836	0.959444	0.956184	0.965845	0.96896	0.959609	0.941264	0.922084	0.916195	1.002719	0.996459	1.001438	1.008968	1.001666	0.917223	0.920586	0.919324	0.937436	0.942997	0.981379	0.980723	0.998001	0.995981	0.996465	0.951822	0.931574	0.941451	0.941994	0.947393	0.96308	0.948264	0.964301	0.932361	0.972275	0.989662	0.993121	0.993592	1.001073	1.003209	0.977348	1.0114	1.017666	1.01836	1.006199	0.935595	0.936327	0.929462	0.930985	1.03461
86	0.933884	0.933533	0.934638	0.929958	0.939021	0.942326	0.929613	0.910809	0.891964	0.886365	0.976079	0.969325	0.97551	0.981362	0.975231	0.883508	0.886774	0.884486	0.902234	0.906318	0.952519	0.954298	0.971262	0.968004	0.968582	0.916884	0.898046	0.906635	0.903521	0.909782	0.936287	0.921607	0.935562	0.899455	0.946459	0.960172	0.963774	0.964269	0.972141	0.97442	0.949821	0.985952	0.991694	0.992174	0.979694	0.898555	0.902611	0.895465	0.897981	1.003249
87	0.918938	0.915004	0.921821	0.912685	0.923972	0.926918	0.91266	0.885797	0.868688	0.865973	0.955808	0.947046	0.953199	0.9582	0.952794	0.858572	0.863673	0.860813	0.876436	0.883761	0.92864	0.932223	0.948245	0.94511	0.945873	0.885461	0.872136	0.877086	0.874529	0.87758	0.924136	0.902339	0.918737	0.876642	0.931899	0.93554	0.939935	0.940071	0.947063	0.95094	0.928727	0.963068	0.970543	0.970043	0.956119	0.871309	0.876607	0.870149	0.872894	0.976224
88	0.914971	0.905093	0.919298	0.902937	0.916106	0.91679	0.902515	0.871232	0.858621	0.85608	0.944958	0.934153	0.940539	0.939537	0.940345	0.841007	0.84579	0.84256	0.861104	0.86672	0.915674	0.919616	0.935131	0.933156	0.932973	0.865638	0.854318	0.859121	0.857577	0.858218	0.920699	0.890871	0.908028	0.860654	0.922367	0.923062	0.928125	0.926676	0.93175	0.937377	0.913341	0.945782	0.953383	0.952338	0.938763	0.855839	0.858887	0.854749	0.858433	0.960222
89	0.890592	0.883625	0.895575	0.877739	0.890892	0.88782	0.875399	0.841511	0.837481	0.837307	0.918387	0.907178	0.913547	0.913415	0.913758	0.82025	0.82521	0.822137	0.839285	0.843577	0.888259	0.892895	0.907613	0.90494	0.906034	0.84115	0.833662	0.837621	0.835449	0.835818	0.891601	0.864868	0.882713	0.835629	0.898522	0.896112	0.902482	0.898652	0.903412	0.910619	0.887137	0.919243	0.926577	0.92466	0.911877	0.83573	0.839751	0.835669	0.839935	0.941492
90	0.861809	0.848917	0.863497	0.848161	0.857794	0.854037	0.844275	0.808466	0.804887	0.803658	0.889933	0.878783	0.884976	0.885522	0.885322	0.798838	0.802541	0.800679	0.81464	0.817953	0.861481	0.864486	0.878086	0.876542	0.877002	0.815925	0.811502	0.814439	0.810653	0.814011	0.858018	0.828309	0.847147	0.804119	0.865902	0.867909	0.874954	0.869795	0.874348	0.881997	0.860756	0.889734	0.89701	0.895857	0.883983	0.810802	0.815235	0.811286	0.814693	0.916631
91	0.819712	0.799296	0.819037	0.805163	0.815439	0.811046	0.801695	0.760751	0.758671	0.75517	0.849197	0.836931	0.843374	0.845599	0.843853	0.765703	0.767428	0.765764	0.779973	0.78099	0.820829	0.823446	0.836713	0.835256	0.836649	0.781512	0.776881	0.78056	0.775795	0.781	0.817606	0.785554	0.804063	0.762972	0.820177	0.824551	0.833167	0.826687	0.830478	0.838504	0.818969	0.84826	0.855433	0.854019	0.842312	0.775937	0.778245	0.774377	0.777818	0.879033
92	0.78699	0.765687	0.78728	0.770653	0.782775	0.781247	0.771906	0.728751	0.724915	0.722703	0.813519	0.799401	0.806661	0.809589	0.808446	0.744475	0.743401	0.745921	0.758316	0.760564	0.784639	0.787665	0.801042	0.801006	0.800946	0.760894	0.751522	0.754655	0.754742	0.756646	0.786477	0.756859	0.77094	0.731986	0.786179	0.788651	0.797985	0.789847	0.794068	0.801532	0.783635	0.809981	0.818434	0.816206	0.806629	0.751987	0.754563	0.750587	0.754909	0.858201
93	0.752303	0.734401	0.753187	0.740008	0.746483	0.750041	0.746791	0.706072	0.699192	0.697203	0.778432	0.765081	0.771569	0.7751	0.772782	0.729636	0.724937	0.733261	0.74636	0.743946	0.751418	0.753958	0.767418	0.765987	0.767232	0.743578	0.734081	0.739002	0.738773	0.740611	0.755755	0.73126	0.738443	0.708772	0.754576	0.753946	0.762658	0.755999	0.76014	0.767119	0.749633	0.775582	0.782273	0.77971	0.77249	0.738748	0.735372	0.733776	0.737769	0.828447
94	0.723916	0.710506	0.724517	0.72012	0.713323	0.722783	0.720829	0.688024	0.679503	0.678211	0.742843	0.729618	0.736767	0.740299	0.737376	0.700166	0.697256	0.705428	0.719315	0.717582	0.718926	0.721146	0.732702	0.729312	0.73265	0.712484	0.703329	0.706973	0.707257	0.706609	0.727862	0.707345	0.711752	0.691566	0.728126	0.721907	0.727677	0.722174	0.726235	0.733667	0.716099	0.741053	0.746069	0.7431	0.738332	0.713725	0.706456	0.704263	0.707631	0.794976
95	0.694362	0.679892	0.692948	0.689402	0.674996	0.691518	0.692413	0.663315	0.651082	0.645996	0.70008	0.687301	0.69461	0.699185	0.694571	0.675242	0.674133	0.679635	0.691371	0.68703	0.679924	0.681532	0.69099	0.687131	0.690993	0.686139	0.679075	0.679872	0.67915	0.677199	0.695402	0.6823	0.679759	0.663601	0.697034	0.681665	0.686166	0.682332	0.685391	0.693735	0.676707	0.699416	0.704003	0.700058	0.696816	0.692721	0.681282	0.676502	0.682188	0.755204
96	0.665481	0.653159	0.664729	0.663616	0.642897	0.662514	0.666146	0.641396	0.629893	0.623523	0.658097	0.645562	0.653306	0.657339	0.652088	0.656795	0.653376	0.657997	0.669147	0.661288	0.641924	0.641992	0.650102	0.646851	0.649429	0.664461	0.658292	0.658903	0.657535	0.655255	0.666034	0.661593	0.648922	0.64031	0.666848	0.641933	0.646278	0.643347	0.644444	0.653416	0.637327	0.657442	0.662027	0.656568	0.656157	0.671185	0.661189	0.655966	0.660599	0.715637
97	0.638277	0.628074	0.639889	0.642674	0.613946	0.636854	0.639148	0.62135	0.611074	0.604143	0.621285	0.607156	0.613487	0.619865	0.614229	0.643126	0.639379	0.643055	0.65021	0.643868	0.60865	0.606967	0.612966	0.609032	0.610468	0.650247	0.640287	0.644347	0.641684	0.643715	0.641032	0.645048	0.621947	0.620845	0.637971	0.606363	0.609087	0.607751	0.607625	0.616897	0.603334	0.621594	0.62434	0.617138	0.619169	0.654968	0.647185	0.642892	0.646254	0.693608
98	0.604501	0.597349	0.604091	0.608964	0.579893	0.601638	0.601518	0.59252	0.581123	0.575249	0.57465	0.559439	0.565581	0.573005	0.567495	0.613065	0.60995	0.615859	0.617902	0.613194	0.566338	0.563041	0.565252	0.562433	0.563961	0.617805	0.60997	0.61289	0.609226	0.611647	0.605552	0.617811	0.585971	0.590489	0.599293	0.562187	0.564287	0.562923	0.561857	0.571619	0.560851	0.576223	0.577908	0.569086	0.572968	0.622228	0.61798	0.614331	0.617326	0.656411
99	0.562581	0.557638	0.560032	0.566801	0.541213	0.560545	0.56123	0.555993	0.54617	0.539806	0.528721	0.514306	0.519431	0.526911	0.521187	0.563786	0.559497	0.565764	0.565538	0.561846	0.524526	0.521472	0.520326	0.51957	0.520022	0.565065	0.558253	0.56151	0.555662	0.559657	0.563562	0.581358	0.546183	0.552725	0.555785	0.518042	0.521605	0.519097	0.517519	0.528376	0.518455	0.531398	0.53144	0.522071	0.527601	0.571578	0.569567	0.566884	0.56933	0.596497
100	0.529762	0.525543	0.52646	0.531656	0.511305	0.526711	0.528837	0.52523	0.518922	0.509956	0.49141	0.479081	0.483781	0.490223	0.48365	0.524002	0.518546	0.52694	0.526268	0.522727	0.489994	0.487882	0.485593	0.485221	0.486126	0.524256	0.518603	0.522097	0.517355	0.519766	0.532986	0.552956	0.512069	0.523697	0.520106	0.484843	0.488957	0.484371	0.482752	0.494932	0.484402	0.495556	0.494639	0.48562	0.490799	0.532433	0.530824	0.530681	0.530393	0.544917